<?xml version="1.0" encoding="ISO-8859-1"?>
<!-- Copyright (c) 2014, 2016, The Linux Foundation. All rights reserved.   -->
<!--                                                                        -->
<!-- Redistribution and use in source and binary forms, with or without     -->
<!-- modification, are permitted provided that the following conditions are -->
<!-- met:                                                                   -->
<!--     * Redistributions of source code must retain the above copyright   -->
<!--       notice, this list of conditions and the following disclaimer.    -->
<!--     * Redistributions in binary form must reproduce the above          -->
<!--       copyright notice, this list of conditions and the following      -->
<!--       disclaimer in the documentation and/or other materials provided  -->
<!--       with the distribution.                                           -->
<!--     * Neither the name of The Linux Foundation nor the names of its    -->
<!--       contributors may be used to endorse or promote products derived  -->
<!--       from this software without specific prior written permission.    -->
<!--                                                                        -->
<!-- THIS SOFTWARE IS PROVIDED "AS IS" AND ANY EXPRESS OR IMPLIED           -->
<!-- WARRANTIES, INCLUDING, BUT NOT LIMITED TO, THE IMPLIED WARRANTIES OF   -->
<!-- MERCHANTABILITY, FITNESS FOR A PARTICULAR PURPOSE AND NON-INFRINGEMENT -->
<!-- ARE DISCLAIMED.  IN NO EVENT SHALL THE COPYRIGHT OWNER OR CONTRIBUTORS -->
<!-- BE LIABLE FOR ANY DIRECT, INDIRECT, INCIDENTAL, SPECIAL, EXEMPLARY, OR -->
<!-- CONSEQUENTIAL DAMAGES (INCLUDING, BUT NOT LIMITED TO, PROCUREMENT OF   -->
<!-- SUBSTITUTE GOODS OR SERVICES; LOSS OF USE, DATA, OR PROFITS; OR        -->
<!-- BUSINESS INTERRUPTION) HOWEVER CAUSED AND ON ANY THEORY OF LIABILITY,  -->
<!-- OR OTHERWISE) ARISING IN ANY WAY OUT OF THE USE OF THIS SOFTWARE, EVEN -->
<!-- IF ADVISED OF THE POSSIBILITY OF SUCH DAMAGE.                          -->
<audio_platform_info>
    <acdb_ids>
        <device name="SND_DEVICE_OUT_SPEAKER" acdb_id="15"/>
        <device name="SND_DEVICE_OUT_SPEAKER_PROTECTED" acdb_id="124"/>
        <device name="SND_DEVICE_IN_VOICE_REC_QMIC_FLUENCE" acdb_id="131"/>
        <device name="SND_DEVICE_IN_VOICE_REC_TMIC" acdb_id="131"/>
        <device name="SND_DEVICE_IN_VOICE_REC_DMIC_FLUENCE" acdb_id="132"/>
        <device name="SND_DEVICE_OUT_VOICE_SPEAKER_2_PROTECTED" acdb_id="150"/>
        <device name="SND_DEVICE_OUT_VOICE_SPEAKER_2_PROTECTED_VBAT" acdb_id="150"/>
        <device name="SND_DEVICE_IN_CAPTURE_VI_FEEDBACK_MONO_1" acdb_id="151"/>
        <device name="SND_DEVICE_IN_CAPTURE_VI_FEEDBACK_MONO_2" acdb_id="152"/>
            <!-- speaker: SPKR_PHONE_SPKR_STEREO -->
        <device name="SND_DEVICE_IN_HEADSET_MIC" acdb_id="501"/>
            <!-- headset-mic: Interal_MIC_VoiceRecoder -->

        <device name="SND_DEVICE_IN_BT_SCO_MIC_NREC" acdb_id="21"/>
        <device name="SND_DEVICE_IN_BT_SCO_MIC_WB" acdb_id="21"/>
        <device name="SND_DEVICE_IN_BT_SCO_MIC_WB_NREC" acdb_id="21"/>
        <device name="SND_DEVICE_OUT_BT_SCO_WB" acdb_id="22"/>

        <!-- HTC DEV START -->
        <!-- HTC OUT MFG -->
        <device name="SND_DEVICE_OUT_MFG_SPEAKER" acdb_id="15"/>
            <!-- mfg-speaker -->
        <device name="SND_DEVICE_OUT_MFG_SPEAKER_DSP" acdb_id="15"/>
            <!-- mfg-speaker-dsp -->
        <device name="SND_DEVICE_OUT_MFG_HEADPHONES" acdb_id="10"/>
            <!-- mfg-headphones -->
        <device name="SND_DEVICE_OUT_MFG_EARPIECE" acdb_id="7"/>
            <!-- mfg-earpiece -->
        <!-- HTC OUT DEV -->
        <device name="SND_DEVICE_OUT_SPEAKER_VOICE" acdb_id="15"/>
            <!--speaker-voice-->
        <device name="SND_DEVICE_OUT_SPEAKER_CAR_VOICE" acdb_id="610"/>
            <!--speaker-car-voice-->
        <device name="SND_DEVICE_OUT_SPEAKER_FM" acdb_id="15"/>
            <!--speaker-car-voice-->
        <device name="SND_DEVICE_OUT_SPEAKER_HW_VOIP" acdb_id="604"/>
            <!--speaker-hw-voip-->
        <device name="SND_DEVICE_OUT_SPEAKER_AUDIO_EC_VOIP" acdb_id="607"/>
            <!--speaker-audio-voip-->
        <device name="SND_DEVICE_OUT_SPEAKER_RIGNTONE" acdb_id="15"/>
            <!--speaker-ringtone-->
        <device name="SND_DEVICE_OUT_HEADPHONES_VOICE" acdb_id="10"/>
            <!--headphones-voice-->
        <device name="SND_DEVICE_OUT_HEADPHONES_FM" acdb_id="10"/>
            <!--headphones-fm-->
        <device name="SND_DEVICE_OUT_HEADPHONES_HW_VOIP" acdb_id="401"/>
            <!--headphones-hw-voip-->
        <device name="SND_DEVICE_OUT_HEADPHONES_AUDIO_EC_VOIP" acdb_id="402"/>
            <!--headphones-audio-voip-->
        <device name="SND_DEVICE_OUT_EARPIECE" acdb_id="7"/>
            <!--earpiece-->
        <device name="SND_DEVICE_OUT_EARPIECE_VOICE" acdb_id="7"/>
            <!--earpiece-voice-->
        <device name="SND_DEVICE_OUT_EARPIECE_HW_VOIP" acdb_id="202"/>
            <!--earpiece-hw-voip-->
        <device name="SND_DEVICE_OUT_EARPIECE_AUDIO_EC_VOIP" acdb_id="203"/>
            <!--earpiece-audio-voip-->
        <device name="SND_DEVICE_OUT_EARPIECE_HAC_VOICE" acdb_id="201"/>
            <!--earpiece-hac-voice-->
        <device name="SND_DEVICE_OUT_SPEAKER_HEADSET" acdb_id="603"/>
            <!--speaker-headset-->
        <device name="SND_DEVICE_OUT_VOICE_SPEAKER_AND_HEADPHONES" acdb_id="7"/>
            <!--voice-speaker-and-headphones-->
        <device name="SND_DEVICE_OUT_EARPIECE_HAC_VOICE_SIDETONE" acdb_id="211"/>
            <!--earpiece-hac-voice-sidetone-->
        <device name="SND_DEVICE_OUT_JBL_USB_HEADSET_VOICE_CALL" acdb_id="645"/>
            <!--voice-tx-jbl-->
        <device name="SND_DEVICE_OUT_USB_HEADPHONES_AUDIO_EC_VOIP" acdb_id="645"/>
            <!--usb-headphones-audio-voip-->
        <device name="SND_DEVICE_OUT_JBL_USB_AUDIO_EC_VOIP" acdb_id="945"/>
            <!--voice-tx-jbl-->
        <device name="SND_DEVICE_OUT_BT_SCO_AUDIO_EC_VOIP" acdb_id="11000"/>
            <!--bt-sco-headphone-audio-voip-->
        <device name="SND_DEVICE_OUT_BT_SCO_AUDIO_EC_VOIP_WB" acdb_id="11000"/>
            <!--bt-sco-headphone-audio-voip-->
        <device name="SND_DEVICE_OUT_SPEAKER_BT_SCO" acdb_id="603"/>
            <!--speaker-bt-sco-->
        <device name="SND_DEVICE_OUT_SPEAKER_BT_SCO_WB" acdb_id="603"/>
            <!--speaker-bt-sco-wb-->

        <!-- HTC IN MFG -->
        <device name="SND_DEVICE_IN_MFG_REC_00" acdb_id="4"/>
        <device name="SND_DEVICE_IN_MFG_REC_01" acdb_id="4"/>
        <device name="SND_DEVICE_IN_MFG_REC_02" acdb_id="4"/>
        <device name="SND_DEVICE_IN_MFG_REC_03" acdb_id="4"/>
        <device name="SND_DEVICE_IN_MFG_REC_04" acdb_id="4"/>
        <device name="SND_DEVICE_IN_MFG_REC_13" acdb_id="4"/>
        <device name="SND_DEVICE_IN_MFG_REC_14" acdb_id="4"/>
        <device name="SND_DEVICE_IN_MFG_REC_15" acdb_id="4"/>
        <device name="SND_DEVICE_IN_MFG_REC_21" acdb_id="4"/>
        <device name="SND_DEVICE_IN_MFG_REC_22" acdb_id="4"/>
        <device name="SND_DEVICE_IN_MFG_REC_23" acdb_id="4"/>
        <device name="SND_DEVICE_IN_MFG_REC_24" acdb_id="4"/>
        <!-- HTC IN DEV -->
        <device name="SND_DEVICE_IN_LINE" acdb_id="501"/>
            <!--line-->
        <device name="SND_DEVICE_IN_LINE_VR" acdb_id="505"/>
            <!--line-vr-->
        <device name="SND_DEVICE_IN_LINE_VOICE" acdb_id="4"/>
            <!--line-voice-->
        <device name="SND_DEVICE_IN_LINE_HW_VOIP" acdb_id="504"/>
            <!--line-hw-voip-->
        <device name="SND_DEVICE_IN_LINE_AUDIO_EC_VOIP" acdb_id="507"/>
            <!--line-audio_ec-voip-->
        <device name="SND_DEVICE_IN_LINE_CAR_VOICE" acdb_id="510"/>
            <!--line-car-voice-->
        <device name="SND_DEVICE_IN_LINE_LANDSCAPECAM" acdb_id="506"/>
            <!--line-landscapecam-->
        <device name="SND_DEVICE_IN_LINE_INVERTLANDSCAPECAM" acdb_id="508"/>
            <!--line-invertlandscapecam-->
        <device name="SND_DEVICE_IN_LINE_PORTRAITCAM" acdb_id="508"/>
            <!--line-portraitcam-->
        <device name="SND_DEVICE_IN_HANDSET_HW_VOIP" acdb_id="341"/>
            <!--handset-hw-voip-->
        <device name="SND_DEVICE_IN_HANDSET_AUDIO_EC_VOIP" acdb_id="342"/>
            <!--handset-audio-voip-->
        <device name="SND_DEVICE_IN_DMIC_ENDFIRE" acdb_id="41"/>
            <!--dmic-endfire-->
        <device name="SND_DEVICE_IN_SPEAKER_DMIC_ENDFIRE" acdb_id="42"/>
            <!--speaker-dmic-endfire-->
        <device name="SND_DEVICE_IN_HEADSET_VOICE" acdb_id="8"/>
            <!--headset-voice-->
        <device name="SND_DEVICE_IN_HEADSET_HW_VOIP" acdb_id="301"/>
            <!--headset-hw-voip-->
        <device name="SND_DEVICE_IN_HEADSET_AUDIO_EC_VOIP" acdb_id="302"/>
            <!--headset-audio-voip-->
        <device name="SND_DEVICE_IN_HEADSET_VR" acdb_id="505"/>
            <!--headset-vr-->
        <device name="SND_DEVICE_IN_HEADSET_CAM" acdb_id="305"/>
            <!--headset-cam-->
        <device name="SND_DEVICE_IN_HEADSET_SPEAKER_VR" acdb_id="4"/>
            <!--headset-speaker-vr-->
        <device name="SND_DEVICE_IN_SECOND_MIC" acdb_id="4"/>
            <!--secondmic-->
        <device name="SND_DEVICE_IN_THIRD_MIC" acdb_id="4"/>
            <!--thirdmic-->
        <device name="SND_DEVICE_IN_DMIC_HAC_ENDFIRE" acdb_id="41"/>
            <!--dmic-hac-endfire-->
        <device name="SND_DEVICE_IN_DMIC_HAC_ENDFIRE_SIDETONE" acdb_id="41"/>
            <!--dmic-hac-endfire-sidetone-->
        <device name="SND_DEVICE_IN_JBL_USB_HEADSET_VOICE_CALL" acdb_id="644"/>
            <!--voice-rx-jbl-->
        <device name="SND_DEVICE_IN_USB_HEADSET_AUDIO_EC_VOIP" acdb_id="644"/>
            <!--usb-headset-audio-voip-->
        <device name="SND_DEVICE_IN_JBL_USB_AUDIO_EC_VOIP" acdb_id="944"/>
            <!--voice-rx-jbl-->
        <device name="SND_DEVICE_IN_24BIT_LINE_LANDSCAPECAM" acdb_id="706"/>
            <!--24bit-line-landscapecam-->
        <device name="SND_DEVICE_IN_24BIT_LINE_INVERTLANDSCAPECAM" acdb_id="708"/>
            <!--24bit-line-invertlandscapecam-->
        <device name="SND_DEVICE_IN_24BIT_LINE_PORTRAITCAM" acdb_id="708"/>
            <!--24bit-line-portraitcam-->
        <device name="SND_DEVICE_IN_24BIT_HEADSET_CAM" acdb_id="805"/>
            <!--24bit-headset-cam-->
        <device name="SND_DEVICE_IN_LINE_24BIT" acdb_id="502"/>
            <!--line-24bit-->
        <device name="SND_DEVICE_IN_HEADSET_MIC_24BIT" acdb_id="502"/>
            <!--headset-24bit-->
        <device name="SND_DEVICE_IN_HEADSET_AS20_EAR" acdb_id="905"/>
            <!--headset-mic-as20-cal-ear-->
        <device name="SND_DEVICE_IN_HEADSET_AS20_AMBIENT" acdb_id="907"/>
            <!--headset-mic-as20-cal-ambient-->
        <device name="SND_DEVICE_IN_LINE_LANDSCAPECAM_4MIC" acdb_id="4"/>
            <!--line-landscapecam-4mic-->
        <device name="SND_DEVICE_IN_LINE_INVERTLANDSCAPECAM_4MIC" acdb_id="4"/>
            <!--line-invertlandscapecam-4mic-->
        <device name="SND_DEVICE_IN_BT_SCO_MIC_AUDIO_EC_VOIP" acdb_id="10000"/>
            <!--bt-sco-mic-audio-voip-->
        <device name="SND_DEVICE_IN_BT_SCO_MIC_AUDIO_EC_VOIP_WB" acdb_id="10000"/>
            <!--bt-sco-mic-audio-voip-->
        <!-- HTC DEV END -->

    </acdb_ids>
    <bit_width_configs>
        <device name="SND_DEVICE_OUT_SPEAKER" bit_width="24"/>
    </bit_width_configs>
    <pcm_ids>
        <usecase name="USECASE_AUDIO_PLAYBACK_LOW_LATENCY" type="out" id="13"/>
        <usecase name="USECASE_AUDIO_PLAYBACK_OFFLOAD" type="out" id="8"/>
        <usecase name="USECASE_AUDIO_PLAYBACK_OFFLOAD2" type="out" id="15"/>
        <usecase name="USECASE_AUDIO_PLAYBACK_OFFLOAD3" type="out" id="16"/>
        <usecase name="USECASE_AUDIO_PLAYBACK_OFFLOAD4" type="out" id="28"/>
        <usecase name="USECASE_AUDIO_PLAYBACK_OFFLOAD5" type="out" id="29"/>
        <usecase name="USECASE_AUDIO_PLAYBACK_OFFLOAD6" type="out" id="30"/>
        <usecase name="USECASE_AUDIO_PLAYBACK_OFFLOAD7" type="out" id="31"/>
        <usecase name="USECASE_AUDIO_PLAYBACK_OFFLOAD8" type="out" id="32"/>
        <usecase name="USECASE_AUDIO_PLAYBACK_OFFLOAD9" type="out" id="33"/>
        <usecase name="USECASE_VOICEMMODE1_CALL" type="in" id="2"/>
        <usecase name="USECASE_VOICEMMODE1_CALL" type="out" id="2"/>
        <usecase name="USECASE_VOICEMMODE2_CALL" type="in" id="19"/>
        <usecase name="USECASE_VOICEMMODE2_CALL" type="out" id="19"/>
        <usecase name="USECASE_VOWLAN_CALL" type="in" id="-1"/>
        <usecase name="USECASE_VOWLAN_CALL" type="out" id="-1"/>
        <usecase name="USECASE_AUDIO_PLAYBACK_FM" type="out" id="5"/>
        <usecase name="USECASE_AUDIO_PLAYBACK_FM" type="in" id="34"/>
        <usecase name="USECASE_AUDIO_SPKR_CALIB_RX" type="out" id="5"/>
        <usecase name="USECASE_AUDIO_SPKR_CALIB_TX" type="in" id="35"/>
        <usecase name="USECASE_AUDIO_PLAYBACK_AFE_PROXY" type="out" id="6"/>
        <usecase name="USECASE_AUDIO_RECORD_AFE_PROXY" type="in" id="7"/>
        <usecase name="USECASE_AUDIO_RECORD_LOW_LATENCY" type="in" id="17" />
        <usecase name="USECASE_AUDIO_PLAYBACK_ULL" type="out" id="17" />
        <usecase name="USECASE_AUDIO_PLAYBACK_EXT_DISP_SILENCE" type="out" id="27" />
    </pcm_ids>
    <config_params>
        <param key="spkr_1_tz_name" value="wsatz.13"/>
        <param key="spkr_2_tz_name" value="wsatz.14"/>
        <!-- In the below value string, first parameter indicates size -->
        <!-- followed by perf lock options                             -->
        <param key="perf_lock_opts" value="4, 0x101, 0x704, 0x20F, 0x1E01"/>
        <param key="native_audio_mode" value="src"/>
        <param key="input_mic_max_count" value="4"/>
        <param key="true_32_bit" value="true"/>
        <!-- In the below value string, the value indicates sidetone gain in dB -->
        <param key="usb_sidetone_gain" value="35"/>
    </config_params>
    <gain_db_to_level_mapping>
        <gain_level_map db="-59" level="5"/>
        <gain_level_map db="-17.4" level="4"/>
        <gain_level_map db="-13.8" level="3"/>
        <gain_level_map db="-10.2" level="2"/>
        <gain_level_map db="0" level="1"/>
    </gain_db_to_level_mapping>
    <backend_names>
        <device name="SND_DEVICE_OUT_HEADPHONES" backend="headphones" interface="SLIMBUS_6_RX"/>
        <device name="SND_DEVICE_OUT_BT_SCO_WB" backend="bt-sco-wb" interface="SLIMBUS_7_RX"/>
        <device name="SND_DEVICE_OUT_BT_SCO" backend="bt-sco" interface="SLIMBUS_7_RX"/>
        <device name="SND_DEVICE_OUT_BT_A2DP" backend="bt-a2dp" interface="SLIMBUS_7_RX"/>
        <device name="SND_DEVICE_OUT_LINE" backend="headphones" interface="SLIMBUS_6_RX"/>
        <device name="SND_DEVICE_OUT_ANC_HEADSET" backend="headphones" interface="SLIMBUS_6_RX"/>
        <device name="SND_DEVICE_OUT_ANC_FB_HEADSET" backend="headphones" interface="SLIMBUS_6_RX"/>
        <device name="SND_DEVICE_OUT_SPEAKER_AND_HEADPHONES" backend="speaker-and-headphones" interface="QUAT_MI2S_RX-and-SLIMBUS_6_RX"/>
        <device name="SND_DEVICE_OUT_SPEAKER_AND_LINE" backend="speaker-and-headphones" interface="QUAT_MI2S_RX-and-SLIMBUS_6_RX"/>
        <device name="SND_DEVICE_OUT_SPEAKER_AND_ANC_HEADSET" backend="speaker-and-headphones" interface="QUAT_MI2S_RX-and-SLIMBUS_6_RX"/>
        <device name="SND_DEVICE_OUT_SPEAKER_AND_ANC_FB_HEADSET" backend="speaker-and-headphones" interface="QUAT_MI2S_RX-and-SLIMBUS_6_RX"/>
        <device name="SND_DEVICE_OUT_VOICE_HEADPHONES" backend="headphones" interface="SLIMBUS_6_RX"/>
        <device name="SND_DEVICE_OUT_VOICE_ANC_HEADSET" backend="headphones" interface="SLIMBUS_6_RX"/>
        <device name="SND_DEVICE_OUT_VOICE_ANC_FB_HEADSET" backend="headphones" interface="SLIMBUS_6_RX"/>
        <device name="SND_DEVICE_OUT_VOICE_LINE" backend="headphones" interface="SLIMBUS_6_RX"/>
        <device name="SND_DEVICE_OUT_VOICE_TTY_FULL_HEADPHONES" backend="headphones" interface="SLIMBUS_6_RX"/>
        <device name="SND_DEVICE_OUT_VOICE_TTY_VCO_HEADPHONES" backend="headphones" interface="SLIMBUS_6_RX"/>
        <!-- HTC BACKEND START -->
        <device name="SND_DEVICE_OUT_EARPIECE" backend="earpiece" interface="QUAT_MI2S_RX"/>
        <device name="SND_DEVICE_OUT_EARPIECE_VOICE" backend="earpiece" interface="QUAT_MI2S_RX"/>
        <device name="SND_DEVICE_OUT_EARPIECE_HW_VOIP" backend="earpiece" interface="QUAT_MI2S_RX"/>
        <device name="SND_DEVICE_OUT_EARPIECE_AUDIO_EC_VOIP" backend="earpiece" interface="QUAT_MI2S_RX"/>
        <device name="SND_DEVICE_OUT_EARPIECE_HAC_VOICE" backend="earpiece" interface="QUAT_MI2S_RX"/>
        <device name="SND_DEVICE_OUT_EARPIECE_HAC_VOICE_SIDETONE" backend="earpiece" interface="QUAT_MI2S_RX"/>
        <device name="SND_DEVICE_OUT_MFG_EARPIECE" backend="earpiece" interface="QUAT_MI2S_RX"/>
        <device name="SND_DEVICE_OUT_SPEAKER" backend="speaker" interface="QUAT_MI2S_RX"/>
        <device name="SND_DEVICE_OUT_VOICE_SPEAKER" backend="speaker" interface="QUAT_MI2S_RX"/>
        <device name="SND_DEVICE_OUT_MFG_SPEAKER" backend="speaker" interface="QUAT_MI2S_RX"/>
        <device name="SND_DEVICE_OUT_MFG_SPEAKER_DSP" backend="speaker" interface="QUAT_MI2S_RX"/>
        <device name="SND_DEVICE_OUT_SPEAKER_VOICE" backend="speaker" interface="QUAT_MI2S_RX"/>
        <device name="SND_DEVICE_OUT_SPEAKER_CAR_VOICE" backend="speaker" interface="QUAT_MI2S_RX"/>
        <device name="SND_DEVICE_OUT_SPEAKER_FM" backend="speaker" interface="QUAT_MI2S_RX"/>
        <device name="SND_DEVICE_OUT_SPEAKER_HW_VOIP" backend="speaker" interface="QUAT_MI2S_RX"/>
        <device name="SND_DEVICE_OUT_SPEAKER_AUDIO_EC_VOIP" backend="speaker" interface="QUAT_MI2S_RX"/>
        <device name="SND_DEVICE_OUT_SPEAKER_RIGNTONE" backend="speaker" interface="QUAT_MI2S_RX"/>

        <device name="SND_DEVICE_OUT_MFG_HEADPHONES" backend="headphones" interface="SLIMBUS_6_RX"/>
        <device name="SND_DEVICE_OUT_HEADPHONES_VOICE" backend="headphones" interface="SLIMBUS_6_RX"/>
        <device name="SND_DEVICE_OUT_HEADPHONES_FM" backend="headphones" interface="SLIMBUS_6_RX"/>
        <device name="SND_DEVICE_OUT_HEADPHONES_HW_VOIP" backend="headphones" interface="SLIMBUS_6_RX"/>
        <device name="SND_DEVICE_OUT_HEADPHONES_AUDIO_EC_VOIP" backend="headphones" interface="SLIMBUS_6_RX"/>
        <device name="SND_DEVICE_OUT_VOICE_TTY_FULL_HEADPHONES" backend="headphones" interface="SLIMBUS_6_RX"/>
        <device name="SND_DEVICE_OUT_VOICE_TTY_VCO_HEADPHONES" backend="headphones" interface="SLIMBUS_6_RX"/>
        <device name="SND_DEVICE_OUT_SPEAKER_HEADSET" backend="speaker-headset" interface="QUAT_MI2S_RX-and-SLIMBUS_6_RX"/>
        <device name="SND_DEVICE_OUT_VOICE_SPEAKER_AND_HEADPHONES" backend="speaker-headset" interface="QUAT_MI2S_RX-and-SLIMBUS_6_RX"/>
        <device name="SND_DEVICE_OUT_SPEAKER_AND_HDMI" backend="speaker-and-hdmi" interface="QUAT_MI2S_RX-and-HDMI_RX"/>
        <device name="SND_DEVICE_OUT_SPEAKER_AND_DISPLAY_PORT" backend="speaker-and-display-port" interface="QUAT_MI2S_RX-and-DISPLAY_PORT_RX"/>
        <device name="SND_DEVICE_OUT_SPEAKER_AND_USB_HEADSET" backend="speaker-and-usb-headphones" interface="QUAT_MI2S_RX-and-USB_AUDIO_RX"/>

        <device name="SND_DEVICE_OUT_JBL_USB_HEADSET_VOICE_CALL" backend="usb-headset" interface="USB_AUDIO_RX"/>
        <device name="SND_DEVICE_IN_JBL_USB_HEADSET_VOICE_CALL" backend="usb-headset-mic" interface="USB_AUDIO_TX"/>
        <device name="SND_DEVICE_OUT_USB_HEADPHONES_AUDIO_EC_VOIP" backend="usb-headset" interface="USB_AUDIO_RX"/>
        <device name="SND_DEVICE_IN_USB_HEADSET_AUDIO_EC_VOIP" backend="usb-headset-mic" interface="USB_AUDIO_TX"/>
        <device name="SND_DEVICE_OUT_JBL_USB_AUDIO_EC_VOIP" backend="usb-headset" interface="USB_AUDIO_RX"/>
        <device name="SND_DEVICE_IN_JBL_USB_AUDIO_EC_VOIP" backend="usb-headset-mic" interface="USB_AUDIO_TX"/>
        <device name="SND_DEVICE_OUT_BT_SCO_AUDIO_EC_VOIP" backend="bt-sco" interface="SLIMBUS_7_RX"/>
        <device name="SND_DEVICE_OUT_BT_SCO_AUDIO_EC_VOIP_WB" backend="bt-sco-wb" interface="SLIMBUS_7_RX"/>
        <device name="SND_DEVICE_IN_BT_SCO_MIC_AUDIO_EC_VOIP" backend="bt-sco" interface="SLIMBUS_7_TX"/>
        <device name="SND_DEVICE_IN_BT_SCO_MIC_AUDIO_EC_VOIP_WB" backend="bt-sco-wb" interface="SLIMBUS_7_TX"/>

        <device name="SND_DEVICE_OUT_SPEAKER_BT_SCO" backend="speaker-bt-sco" interface="QUAT_MI2S_RX-and-SLIMBUS_7_RX"/>
        <device name="SND_DEVICE_OUT_SPEAKER_BT_SCO_WB" backend="speaker-bt-sco-wb" interface="QUAT_MI2S_RX-and-SLIMBUS_7_RX"/>
        <!-- HTC BACKEND END -->
    </backend_names>
    <device_names>
        <!-- output devices -->
        <device name="SND_DEVICE_OUT_HANDSET" alias="earpiece" />
        <device name="SND_DEVICE_OUT_SPEAKER" alias="speaker" />
        <device name="SND_DEVICE_OUT_HEADPHONES" alias="headphones" />
        <device name="SND_DEVICE_OUT_LINE" alias="headphones" />
        <device name="SND_DEVICE_OUT_SPEAKER_AND_HEADPHONES" alias="headphones" />
        <device name="SND_DEVICE_OUT_SPEAKER_AND_LINE" alias="headphones" />
        <device name="SND_DEVICE_OUT_VOICE_HANDSET" alias="earpiece-voice" />
        <device name="SND_DEVICE_OUT_VOICE_SPEAKER" alias="speaker-voice" />
        <device name="SND_DEVICE_OUT_VOICE_HEADPHONES" alias="headphones-voice" />
        <device name="SND_DEVICE_OUT_VOIP_HANDSET" alias="earpiece-hw-voip" />
        <device name="SND_DEVICE_OUT_VOIP_SPEAKER" alias="speaker" />
        <device name="SND_DEVICE_OUT_VOIP_HEADPHONES" alias="headphones-hw-voip" />

        <!-- input devices -->
        <!-- used for input handset -->
        <device name="SND_DEVICE_IN_HANDSET_MIC" alias="line-vr" />
        <device name="SND_DEVICE_IN_HANDSET_DMIC" alias="line-vr" />

        <!-- used for voip handset -->
        <device name="SND_DEVICE_IN_HANDSET_MIC_AEC" alias="handset-hw-voip" />
        <device name="SND_DEVICE_IN_HANDSET_MIC_NS" alias="handset-hw-voip" />
        <device name="SND_DEVICE_IN_HANDSET_MIC_AEC_NS" alias="handset-hw-voip" />
        <device name="SND_DEVICE_IN_HANDSET_DMIC_AEC" alias="handset-hw-voip" />
        <device name="SND_DEVICE_IN_HANDSET_DMIC_NS" alias="handset-hw-voip" />
        <device name="SND_DEVICE_IN_HANDSET_DMIC_AEC_NS" alias="handset-hw-voip" />

        <!-- used for input speaker -->
        <device name="SND_DEVICE_IN_SPEAKER_MIC" alias="line-vr" />
        <device name="SND_DEVICE_IN_SPEAKER_DMIC" alias="line-vr" />
        <device name="SND_DEVICE_IN_SPEAKER_STEREO_DMIC" alias="line-vr" />

        <!-- used for voip speaker -->
        <device name="SND_DEVICE_IN_SPEAKER_MIC_AEC" alias="line-hw-voip" />
        <device name="SND_DEVICE_IN_SPEAKER_MIC_NS" alias="line-hw-voip" />
        <device name="SND_DEVICE_IN_SPEAKER_MIC_AEC_NS" alias="line-hw-voip" />
        <device name="SND_DEVICE_IN_SPEAKER_DMIC_AEC" alias="line-hw-voip" />
        <device name="SND_DEVICE_IN_SPEAKER_DMIC_NS" alias="line-hw-voip" />
        <device name="SND_DEVICE_IN_SPEAKER_DMIC_AEC_NS" alias="line-hw-voip" />

        <!-- used for input headset -->
        <device name="SND_DEVICE_IN_HEADSET_MIC" alias="headset" />

        <!-- used for voip headset -->
        <device name="SND_DEVICE_IN_HEADSET_MIC_FLUENCE" alias="headset-hw-voip" />

        <!-- used for call headset -->
        <device name="SND_DEVICE_IN_VOICE_HEADSET_MIC" alias="headset-voice" />

        <!-- used for camcorder -->
        <device name="SND_DEVICE_IN_CAMCORDER_MIC" alias="line-portraitcam" />
        <!-- 8952 HAL can't distinguish CAMCORDER_STEREO, make HANDSET_STEREO_DMIC camcorder too -->
        <device name="SND_DEVICE_IN_HANDSET_STEREO_DMIC" alias="line-portraitcam" />

        <!-- used for call handset -->
        <device name="SND_DEVICE_IN_VOICE_DMIC" alias="dmic-endfire" />

        <!-- used for call speaker -->
        <device name="SND_DEVICE_IN_VOICE_SPEAKER_MIC" alias="speaker-dmic-endfire" />
        <device name="SND_DEVICE_IN_VOICE_SPEAKER_DMIC" alias="speaker-dmic-endfire" />

        <!-- Used for voice recognition -->
        <device name="SND_DEVICE_IN_VOICE_REC_MIC" alias="line-vr" />
        <device name="SND_DEVICE_IN_VOICE_REC_MIC_NS" alias="line-vr" />
        <device name="SND_DEVICE_IN_VOICE_REC_DMIC_STEREO" alias="line-vr" />
        <device name="SND_DEVICE_IN_VOICE_REC_DMIC_FLUENCE" alias="line-vr" />
    </device_names>
</audio_platform_info>

